{"frame":{"fname":"8_drive_0000_sync/000951","bounding_boxes":[{"box_id":0,"center":{"x":20.505964220802525,"y":2.0574758385439695},"width":4.000000000000001,"length":1.9999999999999978,"angle":0.407364247364211,"object_id":"car","timestamps":[1689250885645,1689250885666,1689250885683,1689250885703,1689250885726,1689250885743,1689250885759,1689250885779,1689250885798,1689250886373,1689250886393,1689250886410,1689250886425,1689250886446,1689250886461,1689250886482,1689250887095,1689250887115,1689250887138,1689250887154,1689250887175,1689250887194,1689250887212,1689250887228,1689250887248,1689250887266,1689250887283,1689250887302,1689250887469]},{"box_id":1,"center":{"x":34.20960334972702,"y":12.073277188430149},"width":3.999999999999983,"length":2.0000000000000027,"angle":0.883602355456883,"object_id":"car","timestamps":[1689250888884,1689250888901,1689250888921,1689250888940,1689250888956,1689250888976,1689250888993,1689250889010,1689250889032,1689250889048,1689250889068,1689250889086,1689250889103,1689250889593,1689250889614,1689250889632,1689250889648,1689250889667,1689250889684,1689250889704,1689250889721,1689250889920,1689250889940,1689250889955,1689250889975,1689250889993,1689250890011,1689250890031,1689250890048,1689250890086,1689250890121,1689250890139,1689250890155,1689250890173,1689250890230,1689250890266,1689250890286,1689250890306,1689250890322,1689250890358,1689250890379,1689250890524,1689250890922,1689250890940,1689250890957,1689250890977,1689250890995,1689250891012,1689250891031,1689250891049,1689250891069,1689250891086,1689250891104,1689250891122,1689250891157,1689250891174,1689250891190,1689250891210,1689250891228,1689250891244,1689250891263,1689250891281,1689250891299,1689250891333,1689250891588,1689250891606,1689250891623,1689250891641,1689250891657,1689250891695,1689250891768,1689250892354,1689250892372,1689250892388,1689250892407,1689250892423,1689250892462,1689250892560,1689250892578,1689250893036,1689250893056,1689250893071,1689250893091,1689250893109,1689250893145,1689250893179,1689250893200,1689250893216,1689250893566,1689250893583,1689250893603,1689250893637]},{"box_id":2,"center":{"x":-28.550384168978884,"y":-2.3131160811111338},"width":3.9999999999999885,"length":2.000000000000002,"angle":6.237876270257814,"object_id":"car","timestamps":[1689256844705,1689256844735,1689256844765,1689256844797,1689256844827,1689256844861,1689256844891,1689256844921,1689256844948,1689256844980,1689256845011,1689256845045,1689256845076,1689256845104,1689256845137,1689256845170,1689256845205,1689256845239,1689256845269,1689256845330,1689256848187,1689256848215,1689256848243,1689256848270,1689256848298,1689256848408,1689256848715,1689256848741,1689256848911,1689256848937,1689256848965,1689256849323,1689256849349,1689256849623,1689256850026,1689256850054,1689256850139,1689256850604,1689256850630,1689256850660,1689256850689,1689256850717,1689256850745,1689256850774,1689256850828,1689256850862,1689256850892,1689256850972,1689256850999,1689256851029,1689256851057,1689256851085,1689256852476,1689256852504,1689256852531,1689256852555,1689256852744,1689256852797,1689256852850,1689256852933,1689256852958,1689256853085,1689256853191]},{"box_id":3,"center":{"x":-53.64444473565157,"y":-0.055175174971834995},"width":4.0,"length":2.0,"angle":6.169402062016345,"object_id":"car","timestamps":[1689256856913]},{"box_id":4,"center":{"x":-70.84241112627231,"y":3.979380053493958},"width":4.0,"length":2.0,"angle":6.1694020620163504,"object_id":"car","timestamps":[1689256861121]}]}}
