{"frame":{"fname":"7_drive_0080_sync/01178","bounding_boxes":[{"box_id":0,"center":{"x":17.83297496031831,"y":-4.689222316403772},"width":3.9999999999999987,"length":2,"angle":2.8823539966734577,"object_id":"car","timestamps":[]},{"box_id":1,"center":{"x":29.522147461273157,"y":-9.7419528594532},"width":3.9999999999999947,"length":2.000000000000003,"angle":2.8209189225218285,"object_id":"car","timestamps":[]},{"box_id":2,"center":{"x":43.97021100034891,"y":-17.62234574773916},"width":3.9999999999999827,"length":2.000000000000003,"angle":2.5693336511786313,"object_id":"car","timestamps":[]}]}}